provincia,provincia,casos_total,casos_nuevos,muertes_total,muertes_nuevos,observaciones
2020-03-05,CABA,1,1,0,0,El caso es importado
2020-03-06,CABA,2,1,0,0,El nuevo caso es importado
2020-03-07,Buenos Aires,1,1,,,
2020-03-07,CABA,8,6,,,
2020-03-08,Buenos Aires,2,1,0,0,El nuevo caso es importado
2020-03-08,CABA,10,2,0,0,Los dos casos con importados
2020-03-09,Buenos Aires,2,0,0,0,
2020-03-09,CABA,11,1,1,1,El caso es importado
2020-03-09,Chaco,2,2,0,0,Los 2 casos son importados
2020-03-09,Río Negro,1,1,0,0,
2020-03-09,San Luis,1,1,0,0,
2020-03-10,Buenos Aires,3,1,0,0,El nuevo caso es importado
2020-03-10,CABA,12,1,1,0,El caso es importado
2020-03-10,Chaco,2,0,0,0,
2020-03-10,Río Negro,1,0,0,0,
2020-03-10,San Luis,1,0,0,0,
2020-03-11,Buenos Aires,4,1,0,0,El nuevo caso es importado
2020-03-11,CABA,13,1,1,0,El caso es importado
2020-03-11,Chaco,2,0,0,0,
2020-03-11,Río Negro,1,0,0,0,
2020-03-11,San Luis,1,0,0,0,
2020-03-12,Buenos Aires,7,3,0,0,
2020-03-12,CABA,16,3,1,0,
2020-03-12,Chaco,4,2,0,0,
2020-03-12,Córdoba,2,2,0,0,
2020-03-12,Río Negro,1,0,0,0,
2020-03-12,San Luis,1,0,0,0,
2020-03-13,Buenos Aires,8,1,0,0,
2020-03-13,CABA,18,2,1,0,
2020-03-13,Chaco,4,0,1,1,
2020-03-13,Córdoba,2,0,0,0,
2020-03-13,Río Negro,1,0,0,0,
2020-03-13,San Luis,1,0,0,0,
2020-03-14,Buenos Aires,11,3,0,0,
2020-03-14,CABA,21,3,1,0,
2020-03-14,Chaco,7,3,1,0,
2020-03-14,Córdoba,2,0,0,0,
2020-03-14,Río Negro,1,0,0,0,
2020-03-14,San Luis,1,0,0,0,
2020-03-14,Santa Fe,2,2,0,0,
2020-03-15,Buenos Aires,12,1,0,0,
2020-03-15,CABA,27,6,1,0,
2020-03-15,Chaco,9,2,1,0,
2020-03-15,Chubut,1,1,0,0,Caso importado
2020-03-15,Córdoba,2,0,0,0,
2020-03-15,Río Negro,1,0,0,0,
2020-03-15,San Luis,1,0,0,0,
2020-03-15,Santa Fe,2,0,0,0,
2020-03-15,Tierra del Fuego,2,2,0,0,
2020-03-16,Buenos Aires,13,1,0,0,
2020-03-16,CABA,32,5,1,0,Los 5 casos son importados
2020-03-16,Chaco,12,3,1,0,Hay transmisión local 
2020-03-16,Córdoba,2,0,0,0,
2020-03-16,Río Negro,1,0,0,0,
2020-03-16,San Luis,1,0,0,0,
2020-03-16,Santa Fe,2,0,0,0,
2020-03-16,Tierra del Fuego,2,0,0,0,
2020-03-17,Buenos Aires,15,2,0,0,
2020-03-17,CABA,36,4,1,0,
2020-03-17,Chaco,13,1,1,0,
2020-03-17,Córdoba,4,2,0,0,Hay transmision local 
2020-03-17,Entre Ríos,1,1,0,0,Caso importado
2020-03-17,Jujuy,1,1,0,0,Caso importado
2020-03-17,Río Negro,2,1,0,0,
2020-03-17,Salta,1,1,0,0,
2020-03-17,San Luis,1,0,0,0,
2020-03-17,Santa Cruz,1,1,0,0,
2020-03-17,Santa Fe,2,0,0,0,
2020-03-17,Tierra del Fuego,2,0,0,0,
2020-03-18,Buenos Aires,21,6,0,0,
2020-03-18,CABA,46,10,1,0,
2020-03-18,Chaco,14,1,1,0,
2020-03-18,Córdoba,5,1,0,0,
2020-03-18,Entre Ríos,2,1,0,0,
2020-03-18,Jujuy,1,0,0,0,
2020-03-18,Río Negro,2,0,0,0,
2020-03-18,Salta,1,0,0,0,
2020-03-18,San Luis,1,0,0,0,
2020-03-18,Santa Cruz,1,0,0,0,
2020-03-18,Santa Fe,2,0,0,0,
2020-03-18,Tierra del Fuego,2,0,0,0,
2020-03-19,Buenos Aires,36,15,,,
2020-03-19,CABA,54,8,,,
2020-03-19,Chaco,16,2,,,
2020-03-19,Córdoba,8,3,0,0,
2020-03-19,Entre Ríos,2,0,0,0,
2020-03-19,Jujuy,1,0,0,0,
2020-03-19,Río Negro,3,1,0,0,
2020-03-19,Salta,1,0,0,0,
2020-03-19,San Luis,1,0,0,0,
2020-03-19,Santa Cruz,1,0,0,0,
2020-03-19,Santa Fe,3,1,0,0,
2020-03-19,Tierra del Fuego,2,0,0,0,
2020-03-19,Tucumán,1,1,0,0,
2020-03-20,Buenos Aires,45,9,,,
2020-03-20,CABA,63,9,,,
2020-03-20,Chaco,17,1,,,
2020-03-20,Córdoba,13,5,0,0,
2020-03-20,Corrientes,1,1,0,0,Caso importado
2020-03-20,Entre Ríos,3,1,0,0,
2020-03-20,Jujuy,1,0,0,0,
2020-03-20,Neuquén,2,2,0,0,
2020-03-20,Río Negro,3,0,0,0,
2020-03-20,Salta,1,0,0,0,
2020-03-20,San Luis,1,0,0,0,
2020-03-20,Santa Cruz,1,0,0,0,
2020-03-20,Santa Fe,3,0,0,0,
2020-03-20,Santiago del Estero,1,1,0,0,
2020-03-20,Tierra del Fuego,3,1,0,0,
2020-03-20,Tucumán,1,0,0,0,
2020-03-21,Buenos Aires,60,15,,1,
2020-03-21,CABA,92,29,,0,
2020-03-21,Chaco,22,5,,0,
2020-03-21,Córdoba,17,4,0,0,
2020-03-21,Corrientes,3,2,0,0,
2020-03-21,Entre Ríos,3,0,0,0,
2020-03-21,Jujuy,1,0,0,0,
2020-03-21,Mendoza,5,5,0,0,
2020-03-21,Neuquén,2,0,0,0,
2020-03-21,Río Negro,4,1,0,0,
2020-03-21,Salta,1,0,0,0,
2020-03-21,San Luis,1,0,0,0,
2020-03-21,Santa Cruz,1,0,0,0,
2020-03-21,Santa Fe,5,2,0,0,
2020-03-21,Santiago del Estero,1,0,0,0,
2020-03-21,Tierra del Fuego,6,3,0,0,
2020-03-21,Tucumán,2,1,0,0,
2020-03-22,Buenos Aires,68,8,,0,
2020-03-22,CABA,104,12,,0,
2020-03-22,Chaco,29,7,,0,
2020-03-22,Córdoba,25,8,0,0,
2020-03-22,Corrientes,3,0,0,0,
2020-03-22,Entre Ríos,3,0,0,0,
2020-03-22,Jujuy,1,0,0,0,
2020-03-22,Mendoza,5,0,0,0,
2020-03-22,Misiones,1,1,0,0,
2020-03-22,Neuquén,2,0,0,0,
2020-03-22,Río Negro,4,0,0,0,
2020-03-22,Salta,1,0,0,0,
2020-03-22,San Luis,1,0,0,0,
2020-03-22,Santa Cruz,1,0,0,0,
2020-03-22,Santa Fe,5,0,0,0,
2020-03-22,Santiago del Estero,1,0,0,0,
2020-03-22,Tierra del Fuego,6,0,0,0,
2020-03-22,Tucumán,7,5,0,0,
2020-03-23,Buenos Aires,73,5,,,
2020-03-23,CABA,115,11,,,
2020-03-23,Chaco,33,4,,,
2020-03-23,Córdoba,28,3,0,0,
2020-03-23,Corrientes,3,0,0,0,
2020-03-23,Entre Ríos,3,0,0,0,
2020-03-23,Jujuy,1,0,0,0,
2020-03-23,Mendoza,5,0,0,0,
2020-03-23,Misiones,1,0,0,0,
2020-03-23,Neuquén,2,0,0,0,
2020-03-23,Río Negro,4,0,0,0,
2020-03-23,Salta,1,0,0,0,
2020-03-23,San Luis,1,0,0,0,
2020-03-23,Santa Cruz,1,0,0,0,
2020-03-23,Santa Fe,18,13,0,0,
2020-03-23,Santiago del Estero,1,0,0,0,
2020-03-23,Tierra del Fuego,6,0,0,0,
2020-03-23,Tucumán,7,0,0,0,
2020-03-24,Buenos Aires,103,30,,,
2020-03-24,CABA,145,30,,,
2020-03-24,Chaco,42,9,,,
2020-03-24,Córdoba,35,7,0,0,
2020-03-24,Corrientes,3,0,0,0,
2020-03-24,Entre Ríos,3,0,0,0,
2020-03-24,Jujuy,1,0,0,0,
2020-03-24,La Pampa,1,1,0,0,
2020-03-24,Mendoza,5,0,0,0,
2020-03-24,Misiones,1,0,0,0,
2020-03-24,Neuquén,3,1,0,0,
2020-03-24,Río Negro,4,0,0,0,
2020-03-24,Salta,1,0,0,0,
2020-03-24,San Luis,1,0,0,0,
2020-03-24,Santa Cruz,2,1,0,0,
2020-03-24,Santa Fe,21,3,0,0,
2020-03-24,Santiago del Estero,1,0,0,0,
2020-03-24,Tierra del Fuego,10,4,0,0,
2020-03-24,Tucumán,7,0,0,0,
2020-03-25,Buenos Aires,133,30,,,
2020-03-25,CABA,166,21,,,
2020-03-25,Chaco,54,12,2,,
2020-03-25,Córdoba,50,15,0,0,
2020-03-25,Corrientes,3,0,0,0,
2020-03-25,Entre Ríos,6,3,0,0,
2020-03-25,Jujuy,1,0,0,0,
2020-03-25,La Pampa,1,0,0,0,
2020-03-25,Mendoza,6,1,0,0,
2020-03-25,Misiones,1,0,0,0,
2020-03-25,Neuquén,4,1,0,0,
2020-03-25,Río Negro,4,0,0,0,
2020-03-25,Salta,1,0,0,0,
2020-03-25,San Luis,5,4,0,0,
2020-03-25,Santa Cruz,7,5,0,0,
2020-03-25,Santa Fe,43,22,0,0,
2020-03-25,Santiago del Estero,1,0,0,0,
2020-03-25,Tierra del Fuego,11,1,0,0,
2020-03-25,Tucumán,9,2,0,0,
2020-03-26,Buenos Aires,160,27,,2,
2020-03-26,CABA,196,30,,1,
2020-03-26,Chaco,57,3,3,1,
2020-03-26,Córdoba,53,3,0,0,
2020-03-26,Corrientes,3,0,0,0,
2020-03-26,Entre Ríos,6,0,0,0,
2020-03-26,Jujuy,3,2,0,0,
2020-03-26,La Pampa,1,0,0,0,
2020-03-26,Mendoza,7,1,0,0,
2020-03-26,Misiones,1,0,0,0,
2020-03-26,Neuquén,7,3,0,0,
2020-03-26,Río Negro,4,0,0,0,
2020-03-26,Salta,1,0,0,0,
2020-03-26,San Luis,6,1,0,0,
2020-03-26,Santa Cruz,9,2,0,0,
2020-03-26,Santa Fe,55,12,0,0,
2020-03-26,Santiago del Estero,1,0,0,0,
2020-03-26,Tierra del Fuego,14,3,0,0,
2020-03-26,Tucumán,9,0,0,0,
2020-03-27,Buenos Aires,196,36,4,,
2020-03-27,CABA,239,43,20,,
2020-03-27,Chaco,60,3,3,0,
2020-03-27,Córdoba,58,5,0,0,
2020-03-27,Corrientes,5,2,0,0,
2020-03-27,Entre Ríos,9,3,0,0,
2020-03-27,Jujuy,3,0,0,0,
2020-03-27,La Pampa,1,0,0,0,
2020-03-27,Mendoza,8,1,0,0,
2020-03-27,Misiones,2,1,0,0,
2020-03-27,Neuquén,11,4,0,0,
2020-03-27,Río Negro,7,3,0,0,
2020-03-27,Salta,1,0,0,0,
2020-03-27,San Luis,6,0,0,0,
2020-03-27,Santa Cruz,9,0,0,0,
2020-03-27,Santa Fe,64,9,0,0,
2020-03-27,Santiago del Estero,2,1,0,0,
2020-03-27,Tierra del Fuego,14,0,0,0,
2020-03-27,Tucumán,15,6,0,0,
2020-03-28,Buenos Aires,204,8,5,1,
2020-03-28,CABA,257,18,21,1,
2020-03-28,Chaco,65,5,3,0,
2020-03-28,Córdoba,59,1,0,0,Un caso confirmado de San Luis que fue reclasificada la provincia de residencia a Córdoba
2020-03-28,Corrientes,9,4,0,0,
2020-03-28,Entre Ríos,9,0,0,0,
2020-03-28,Jujuy,3,0,0,0,
2020-03-28,La Pampa,1,0,0,0,
2020-03-28,Mendoza,9,1,0,0,
2020-03-28,Misiones,2,0,0,0,
2020-03-28,Neuquén,13,2,0,0,
2020-03-28,Río Negro,7,0,0,0,
2020-03-28,Salta,1,0,0,0,
2020-03-28,San Luis,6,0,0,0,
2020-03-28,Santa Cruz,9,0,0,0,
2020-03-28,Santa Fe,77,13,0,0,
2020-03-28,Santiago del Estero,2,0,0,0,
2020-03-28,Tierra del Fuego,18,4,0,0,
2020-03-28,Tucumán,15,0,0,0,
2020-03-29,Buenos Aires,217,16,5,0,
2020-03-29,CABA,258,13,21,0,
2020-03-29,Chaco,69,4,3,0,
2020-03-29,Córdoba,73,16,0,0,"Hoy se reportan 18 casos, pero se reclasificaron 2 casos de ayer."
2020-03-29,Corrientes,9,1,0,0,
2020-03-29,Entre Ríos,10,0,0,0,
2020-03-29,Jujuy,3,0,0,0,
2020-03-29,La Pampa,3,2,0,0,
2020-03-29,La Rioja,1,1,0,0,
2020-03-29,Mendoza,10,1,0,0,
2020-03-29,Misiones,2,1,0,0,
2020-03-29,Neuquén,12,0,0,0,
2020-03-29,Río Negro,8,0,1,0,
2020-03-29,Salta,1,0,0,0,
2020-03-29,San Juan,1,1,0,0,
2020-03-29,San Luis,6,0,0,0,
2020-03-29,Santa Cruz,9,0,0,0,
2020-03-29,Santa Fe,90,13,0,0,
2020-03-29,Santiago del Estero,2,0,0,0,
2020-03-29,Tierra del Fuego,21,4,0,0,
2020-03-29,Tucumán,15,0,1,1,
2020-03-30,Buenos Aires,253,36,7,2,
2020-03-30,CABA,292,34,21,0,
2020-03-30,Chaco,81,12,3,0,
2020-03-30,Córdoba,81,8,0,0,
2020-03-30,Corrientes,19,10,0,0,
2020-03-30,Entre Ríos,13,3,0,0,
2020-03-30,Jujuy,3,0,0,0,
2020-03-30,La Pampa,3,0,0,0,
2020-03-30,La Rioja,1,0,0,0,
2020-03-30,Mendoza,13,3,1,0,
2020-03-30,Misiones,2,0,0,0,
2020-03-30,Neuquén,20,8,1,1,
2020-03-30,Río Negro,8,0,1,0,
2020-03-30,Salta,1,0,0,0,
2020-03-30,San Juan,1,0,0,0,
2020-03-30,San Luis,6,0,0,0,
2020-03-30,Santa Cruz,9,0,0,0,
2020-03-30,Santa Fe,111,21,0,0,
2020-03-30,Santiago del Estero,2,0,0,0,
2020-03-30,Tierra del Fuego,32,11,0,0,
2020-03-30,Tucumán,15,0,2,1,
2020-03-31,Buenos Aires,270,17,7,0,
2020-03-31,CABA,311,19,21,0,
2020-03-31,Chaco,84,3,4,1,
2020-03-31,Córdoba,95,14,1,1,
2020-03-31,Corrientes,20,1,0,0,
2020-03-31,Entre Ríos,13,0,0,0,
2020-03-31,Jujuy,3,0,0,0,
2020-03-31,La Rioja,1,0,1,1,
2020-03-31,La Pampa,3,0,0,0,
2020-03-31,Mendoza,15,2,2,1,
2020-03-31,Misiones,3,1,0,0,
2020-03-31,Neuquén,20,0,1,0,
2020-03-31,Río Negro,9,1,1,0,
2020-03-31,Salta,1,0,0,0,
2020-03-31,San Juan,1,0,0,0,
2020-03-31,San Luis,6,0,0,0,
2020-03-31,Santa Cruz,9,0,0,0,
2020-03-31,Santa Fe,133,22,0,0,
2020-03-31,Santiago del Estero,2,0,0,0,
2020-03-31,Tierra del Fuego,39,7,0,0,
2020-03-31,Tucumán,16,1,2,0,
2020-04-01,Buenos Aires,280,10,9,2,
2020-04-01,CABA,321,10,22,1,
2020-04-01,Chaco,96,12,5,1,
2020-04-01,Córdoba,101,6,1,0,
2020-04-01,Corrientes,21,1,0,0,
2020-04-01,Entre Ríos,14,1,0,0,
2020-04-01,Jujuy,3,0,0,0,
2020-04-01,La Pampa,3,0,0,0,
2020-04-01,La Rioja,1,0,1,0,
2020-04-01,Mendoza,25,10,2,0,
2020-04-01,Misiones,3,0,0,0,
2020-04-01,Neuquén,24,4,2,1,
2020-04-01,Río Negro,9,0,1,0,
2020-04-01,Salta,3,2,0,0,
2020-04-01,San Juan,1,0,0,0,
2020-04-01,San Luis,7,1,0,0,
2020-04-01,Santa Cruz,19,10,0,0,
2020-04-01,Santa Fe,144,11,1,1,
2020-04-01,Santiago del Estero,2,0,0,0,
2020-04-01,Tierra del Fuego,39,0,0,0,
2020-04-01,Tucumán,17,1,2,0,
2020-04-02,Buenos Aires,316,36,11,2,
2020-04-02,CABA,345,24,22,0,
2020-04-02,Chaco,99,3,6,1,
2020-04-02,Córdoba,117,16,1,0,
2020-04-02,Corrientes,22,1,0,0,
2020-04-02,Entre Ríos,16,2,0,0,
2020-04-02,Jujuy,5,2,0,0,
2020-04-02,La Pampa,3,0,0,0,
2020-04-02,La Rioja,4,3,1,0,
2020-04-02,Mendoza,25,0,3,1,
2020-04-02,Misiones,3,0,0,0,
2020-04-02,Neuquén,28,4,2,0,
2020-04-02,Río Negro,9,0,1,0,
2020-04-02,Salta,3,0,0,0,
2020-04-02,San Juan,1,0,0,0,
2020-04-02,San Luis,9,2,0,0,
2020-04-02,Santa Cruz,21,2,0,0,
2020-04-02,Santa Fe,152,8,1,0,
2020-04-02,Santiago del Estero,3,1,0,0,
2020-04-02,Tierra del Fuego,63,24,0,0,
2020-04-02,Tucumán,21,4,2,0,
2020-04-03,Buenos Aires,338,22,13,3,
2020-04-03,CABA,373,28,22,0,
2020-04-03,Chaco,107,8,7,1,
2020-04-03,Córdoba,131,14,1,0,
2020-04-03,Corrientes,22,0,0,0,
2020-04-03,Entre Ríos,18,2,0,0,
2020-04-03,Jujuy,5,0,0,0,
2020-04-03,La Pampa,3,0,0,0,
2020-04-03,La Rioja,4,0,1,0,
2020-04-03,Mendoza,27,2,4,1,
2020-04-03,Misiones,3,0,0,0,
2020-04-03,Neuquén,29,1,2,0,
2020-04-03,Río Negro,10,1,1,0,
2020-04-03,Salta,3,0,0,0,
2020-04-03,San Juan,1,0,0,0,
2020-04-03,San Luis,10,1,0,0,
2020-04-03,Santa Cruz,21,0,0,0,
2020-04-03,Santa Fe,160,8,1,0,
2020-04-03,Santiago del Estero,3,0,0,0,
2020-04-03,Tierra del Fuego,64,1,0,0,
2020-04-03,Tucumán,21,0,3,1,
2020-04-04,Buenos Aires,364,26,16,1,
2020-04-04,CABA,407,34,22,0,
2020-04-04,Chaco,115,8,7,0,
2020-04-04,Córdoba,134,3,1,0,
2020-04-04,Corrientes,22,0,0,0,
2020-04-04,Entre Ríos,18,0,0,0,
2020-04-04,Jujuy,5,0,0,0,
2020-04-04,La Pampa,3,0,0,0,
2020-04-04,La Rioja,6,2,1,0,
2020-04-04,Mendoza,27,0,4,0,
2020-04-04,Misiones,3,0,0,0,
2020-04-04,Neuquén,33,4,2,0,
2020-04-04,Río Negro,15,5,1,0,
2020-04-04,Salta,3,0,0,0,
2020-04-04,San Juan,1,0,0,0,
2020-04-04,San Luis,10,0,0,0,
2020-04-04,Santa Cruz,22,1,0,0,
2020-04-04,Santa Fe,165,5,1,0,
2020-04-04,Santiago del Estero,4,1,0,0,
2020-04-04,Tierra del Fuego,72,8,0,0,
2020-04-04,Tucumán,22,1,3,0,
2020-04-05,Buenos Aires,397,33,17,1,
2020-04-05,CABA,439,32,23,1,
2020-04-05,Chaco,115,0,7,0,
2020-04-05,Córdoba,139,5,2,1,
2020-04-05,Corrientes,22,0,0,0,
2020-04-05,Entre Ríos,19,1,0,0,
2020-04-05,Jujuy,5,0,0,0,
2020-04-05,La Pampa,3,0,0,0,
2020-04-05,La Rioja,8,2,1,0,
2020-04-05,Mendoza,29,2,4,0,
2020-04-05,Misiones,3,0,0,0,
2020-04-05,Neuquén,44,11,2,0,
2020-04-05,Río Negro,17,2,1,0,
2020-04-05,Salta,3,0,0,0,
2020-04-05,San Juan,1,0,0,0,
2020-04-05,San Luis,10,0,0,0,
2020-04-05,Santa Cruz,23,1,0,0,
2020-04-05,Santa Fe,176,11,1,0,
2020-04-05,Santiago del Estero,4,0,0,0,
2020-04-05,Tierra del Fuego,75,3,0,0,
2020-04-05,Tucumán,22,0,3,0,
2020-04-06,Buenos Aires,409,12,18,2,
2020-04-06,CABA,456,17,27,4,
2020-04-06,Chaco,119,4,7,0,
2020-04-06,Córdoba,146,7,2,0,
2020-04-06,Corrientes,24,2,0,0,
2020-04-06,Entre Ríos,19,0,0,0,
2020-04-06,Jujuy,5,0,0,0,
2020-04-06,La Pampa,3,0,0,0,
2020-04-06,La Rioja,9,1,1,0,
2020-04-06,Mendoza,30,1,4,0,
2020-04-06,Misiones,3,0,0,0,
2020-04-06,Neuquén,50,6,3,1,
2020-04-06,Río Negro,19,2,1,0,
2020-04-06,Salta,3,0,0,0,
2020-04-06,San Juan,1,0,0,0,
2020-04-06,San Luis,11,1,0,0,
2020-04-06,Santa Cruz,23,0,0,0,
2020-04-06,Santa Fe,184,8,1,0,
2020-04-06,Santiago del Estero,10,6,0,0,
2020-04-06,Tierra del Fuego,77,2,0,0,
2020-04-06,Tucumán,27,5,3,0,
2020-04-07,Buenos Aires,443,34,20,4,
2020-04-07,CABA,480,24,29,2,
2020-04-07,Chaco,123,4,7,0,
2020-04-07,Córdoba,150,4,2,0,
2020-04-07,Corrientes,24,0,0,0,
2020-04-07,Entre Ríos,20,1,0,0,
2020-04-07,Jujuy,5,0,0,0,
2020-04-07,La Pampa,3,0,0,0,
2020-04-07,La Rioja,9,0,1,0,
2020-04-07,Mendoza,32,2,5,1,
2020-04-07,Misiones,3,0,0,0,
2020-04-07,Neuquén,53,3,3,0,
2020-04-07,Río Negro,21,2,1,0,
2020-04-07,Salta,3,0,0,0,
2020-04-07,San Juan,1,0,0,0,
2020-04-07,San Luis,11,0,0,0,
2020-04-07,Santa Cruz,31,8,0,0,
2020-04-07,Santa Fe,187,3,1,0,
2020-04-07,Santiago del Estero,9,-1,0,0,
2020-04-07,Tierra del Fuego,79,2,0,0,
2020-04-07,Tucumán,28,1,3,0,
2020-04-08,Buenos Aires,460,17,24,1,
2020-04-08,CABA,498,18,31,2,
2020-04-08,Chaco,138,15,7,0,
2020-04-08,Córdoba,151,1,2,0,
2020-04-08,Corrientes,24,0,0,0,
2020-04-08,Entre Ríos,20,0,0,0,
2020-04-08,Jujuy,5,0,0,0,
2020-04-08,La Pampa,4,1,0,0,
2020-04-08,La Rioja,9,0,1,0,
2020-04-08,Mendoza,38,6,5,0,
2020-04-08,Misiones,3,0,0,0,
2020-04-08,Neuquén,70,17,4,1,
2020-04-08,Río Negro,22,1,1,0,
2020-04-08,Salta,3,0,0,0,
2020-04-08,San Juan,1,0,0,0,
2020-04-08,San Luis,11,0,0,0,
2020-04-08,Santa Cruz,31,0,0,0,
2020-04-08,Santa Fe,189,2,1,0,
2020-04-08,Santiago del Estero,9,0,0,0,
2020-04-08,Tierra del Fuego,81,2,0,0,
2020-04-08,Tucumán,28,0,4,1,
2020-04-09,Buenos Aires,488,28,25,7,
2020-04-09,CABA,521,23,36,5,
2020-04-09,Chaco,144,6,8,1,
2020-04-09,Córdoba,156,5,2,0,
2020-04-09,Corrientes,24,0,0,0,
2020-04-09,Entre Ríos,22,2,0,0,
2020-04-09,Jujuy,5,0,0,0,
2020-04-09,La Pampa,4,0,0,0,
2020-04-09,La Rioja,14,5,1,0,
2020-04-09,Mendoza,40,2,5,0,
2020-04-09,Misiones,3,0,0,0,
2020-04-09,Neuquén,77,7,4,0,
2020-04-09,Río Negro,35,13,1,0,
2020-04-09,Salta,3,0,0,0,
2020-04-09,San Juan,1,0,0,0,
2020-04-09,San Luis,11,0,0,0,
2020-04-09,Santa Cruz,31,0,0,0,
2020-04-09,Santa Fe,196,7,2,1,
2020-04-09,Santiago del Estero,9,0,0,0,
2020-04-09,Tierra del Fuego,81,0,0,0,
2020-04-09,Tucumán,29,1,4,0,
2020-04-10,Buenos Aires,507,19,32,1,
2020-04-10,CABA,532,11,37,1,
2020-04-10,Chaco,149,5,8,0,
2020-04-10,Córdoba,169,13,2,0,
2020-04-10,Corrientes,24,0,0,0,
2020-04-10,Entre Ríos,22,0,0,0,
2020-04-10,Jujuy,5,0,0,0,
2020-04-10,La Pampa,5,1,0,0,
2020-04-10,La Rioja,14,0,1,0,
2020-04-10,Mendoza,49,9,5,0,
2020-04-10,Misiones,3,0,0,0,
2020-04-10,Neuquén,84,7,4,0,
2020-04-10,Río Negro,42,7,2,1,
2020-04-10,Salta,3,0,0,0,
2020-04-10,San Juan,1,0,0,0,
2020-04-10,San Luis,11,0,0,0,
2020-04-10,Santa Cruz,37,6,0,0,
2020-04-10,Santa Fe,197,1,2,0,
2020-04-10,Santiago del Estero,9,0,0,0,
2020-04-10,Tierra del Fuego,83,2,0,0,
2020-04-10,Tucumán,29,0,4,0,
2020-04-11,Buenos Aires,544,37,33,4,
2020-04-11,CABA,578,46,40,3,
2020-04-11,Chaco,149,0,8,0,
2020-04-11,Córdoba,201,32,2,0,
2020-04-11,Corrientes,24,0,0,0,
2020-04-11,Entre Ríos,22,0,0,0,
2020-04-11,Jujuy,5,0,0,0,
2020-04-11,La Pampa,5,0,0,0,
2020-04-11,La Rioja,18,4,1,0,
2020-04-11,Mendoza,54,5,5,0,
2020-04-11,Misiones,3,0,0,0,
2020-04-11,Neuquén,85,1,4,0,
2020-04-11,Río Negro,65,23,2,0,
2020-04-11,Salta,3,0,0,0,
2020-04-11,San Juan,2,1,0,0,
2020-04-11,San Luis,11,0,0,0,
2020-04-11,Santa Cruz,40,3,0,0,
2020-04-11,Santa Fe,200,3,2,0,
2020-04-11,Santiago del Estero,12,3,0,0,
2020-04-11,Tierra del Fuego,91,8,0,0,Se incluyeron 5 casos de las Islas Malvinas.
2020-04-11,Tucumán,30,1,4,0,
2020-04-12,Buenos Aires,572,28,37,4,
2020-04-12,CABA,586,8,41,1,
2020-04-12,Chaco,150,1,8,0,
2020-04-12,Córdoba,206,5,3,1,
2020-04-12,Corrientes,24,0,0,0,
2020-04-12,Entre Ríos,21,-1,0,0,"Un caso hasta ayer contabilizado en la provincia de Entre Ríos, hoy actualizo su domicilio y se suma a la provincia de Buenos Aires"
2020-04-12,Jujuy,5,0,0,0,
2020-04-12,La Pampa,5,0,0,0,
2020-04-12,La Rioja,19,1,1,0,
2020-04-12,Mendoza,57,3,5,0,
2020-04-12,Misiones,3,0,0,0,
2020-04-12,Neuquén,86,1,4,0,
2020-04-12,Río Negro,78,13,2,0,
2020-04-12,Salta,3,0,0,0,
2020-04-12,San Juan,2,0,0,0,
2020-04-12,San Luis,11,0,0,0,
2020-04-12,Santa Cruz,40,0,0,0,
2020-04-12,Santa Fe,203,3,2,0,
2020-04-12,Santiago del Estero,12,0,0,0,
2020-04-12,Tierra del Fuego,95,4,0,0,
2020-04-12,Tucumán,30,0,4,0,
2020-04-13,Buenos Aires,601,29,41,1,
2020-04-13,CABA,596,10,42,1,
2020-04-13,Chaco,153,3,8,0,
2020-04-13,Córdoba,210,4,4,1,
2020-04-13,Corrientes,31,7,0,0,
2020-04-13,Entre Ríos,21,0,0,0,
2020-04-13,Jujuy,5,0,0,0,
2020-04-13,La Pampa,5,0,0,0,
2020-04-13,La Rioja,22,3,1,0,
2020-04-13,Mendoza,59,2,5,0,
2020-04-13,Misiones,3,0,0,0,
2020-04-13,Neuquén,88,2,4,0,
2020-04-13,Río Negro,81,3,2,0,
2020-04-13,Salta,3,0,0,0,
2020-04-13,San Juan,2,0,0,0,
2020-04-13,San Luis,11,0,0,0,
2020-04-13,Santa Cruz,40,0,0,0,
2020-04-13,Santa Fe,205,2,2,0,
2020-04-13,Santiago del Estero,12,0,0,0,
2020-04-13,Tierra del Fuego,99,4,0,0,
2020-04-13,Tucumán,30,0,4,0,
2020-04-14,Buenos Aires,667,66,43,2,
2020-04-14,CABA,618,22,44,2,
2020-04-14,Chaco,184,31,9,1,
2020-04-14,Córdoba,222,12,5,1,
2020-04-14,Corrientes,32,1,0,0,
2020-04-14,Entre Ríos,21,0,0,0,
2020-04-14,Jujuy,5,0,0,0,
2020-04-14,La Pampa,5,0,0,0,
2020-04-14,La Rioja,28,6,1,0,
2020-04-14,Mendoza,62,3,5,0,
2020-04-14,Misiones,3,0,0,0,
2020-04-14,Neuquén,90,2,4,0,
2020-04-14,Río Negro,94,13,3,1,
2020-04-14,Salta,3,0,0,0,
2020-04-14,San Juan,2,0,0,0,
2020-04-14,San Luis,11,0,0,0,
2020-04-14,Santa Cruz,40,0,0,0,
2020-04-14,Santa Fe,207,2,2,0,
2020-04-14,Santiago del Estero,12,0,0,0,
2020-04-14,Tierra del Fuego,107,8,0,0,Se incluyen 11 casos existentes en las Islas Malvinas segun informacion de prensa
2020-04-14,Tucumán,30,0,4,0,
2020-04-15,Buenos Aires,729,62,44,1,
2020-04-15,CABA,648,30,46,4,
2020-04-15,Chaco,191,7,9,0,
2020-04-15,Córdoba,228,6,6,1,
2020-04-15,Corrientes,31,-1,0,0,Corresponde a un caso que fue reclasificado
2020-04-15,Entre Ríos,21,0,0,0,
2020-04-15,Jujuy,5,0,0,0,
2020-04-15,La Pampa,5,0,0,0,
2020-04-15,La Rioja,31,3,2,1,
2020-04-15,Mendoza,63,1,5,0,
2020-04-15,Misiones,3,0,0,0,
2020-04-15,Neuquén,91,1,4,0,
2020-04-15,Río Negro,106,12,3,0,
2020-04-15,Salta,4,1,0,0,
2020-04-15,San Juan,2,0,0,0,
2020-04-15,San Luis,11,0,0,0,
2020-04-15,Santa Cruz,40,0,0,0,
2020-04-15,Santa Fe,209,2,2,0,
2020-04-15,Santiago del Estero,12,0,0,0,
2020-04-15,Tierra del Fuego,110,3,0,0,
2020-04-15,Tucumán,30,0,4,0,
2020-04-16,Buenos Aires,759,30,49,5,
2020-04-16,CABA,663,15,49,3,
2020-04-16,Chaco,202,11,10,1,
2020-04-16,Chubut,2,1,0,0,
2020-04-16,Córdoba,241,13,6,0,"Informe provincial reporta solo 12 casos, dice que se cargó uno de más por error"
2020-04-16,Corrientes,31,0,0,0,
2020-04-16,Entre Ríos,22,1,0,0,
2020-04-16,Jujuy,5,0,0,0,
2020-04-16,La Pampa,5,0,0,0,
2020-04-16,La Rioja,34,3,2,0,
2020-04-16,Mendoza,68,5,6,1,
2020-04-16,Misiones,3,0,0,0,
2020-04-16,Neuquén,92,1,4,0,
2020-04-16,Río Negro,115,9,3,0,
2020-04-16,Salta,3,-1,0,0,Corresponde a un caso que fue reclasificado
2020-04-16,San Juan,2,0,0,0,
2020-04-16,San Luis,11,0,0,0,
2020-04-16,Santa Cruz,40,0,0,0,
2020-04-16,Santa Fe,212,3,2,0,
2020-04-16,Santiago del Estero,12,0,0,0,
2020-04-16,Tierra del Fuego,117,7,0,0,
2020-04-16,Tucumán,30,0,4,0,
2020-04-17,Buenos Aires,794,34,52,3,
2020-04-17,CABA,677,14,50,1,
2020-04-17,Chaco,224,22,10,0,
2020-04-17,Chubut,1,-1,0,0,"Un caso reportado ayer por la provincia de Chubut, fue reclasificado por domicilio real a Provincia de Buenos Aires"
2020-04-17,Córdoba,247,6,6,0,
2020-04-17,Corrientes,31,0,0,0,
2020-04-17,Entre Ríos,22,0,0,0,
2020-04-17,Jujuy,5,0,0,0,
2020-04-17,La Pampa,5,0,0,0,
2020-04-17,La Rioja,35,1,3,1,
2020-04-17,Mendoza,69,1,8,2,
2020-04-17,Misiones,4,1,0,0,
2020-04-17,Neuquén,93,1,4,0,"Este caso corresponde a un caso antiguo que fue cargado por error como otro Coronavirus, y que en el día de hoy se reclasificó"
2020-04-17,Río Negro,116,1,3,0,
2020-04-17,Salta,3,0,0,0,
2020-04-17,San Juan,2,0,0,0,
2020-04-17,San Luis,11,0,0,0,
2020-04-17,Santa Cruz,40,0,0,0,
2020-04-17,Santa Fe,218,6,2,0,
2020-04-17,Santiago del Estero,12,0,0,0,
2020-04-17,Tierra del Fuego,119,2,0,0,
2020-04-17,Tucumán,30,0,4,0,
2020-04-18,Buenos Aires,825,31,54,2,
2020-04-18,CABA,691,14,51,1,
2020-04-18,Chaco,248,24,10,0,
2020-04-18,Chubut,1,0,0,0,
2020-04-18,Córdoba,249,2,6,0,
2020-04-18,Corrientes,31,0,0,0,
2020-04-18,Entre Ríos,22,0,0,0,
2020-04-18,Jujuy,5,0,0,0,
2020-04-18,La Pampa,5,0,0,0,
2020-04-18,La Rioja,35,0,3,0,
2020-04-18,Mendoza,69,0,8,0,
2020-04-18,Misiones,5,1,0,0,
2020-04-18,Neuquén,96,3,4,0,
2020-04-18,Río Negro,119,3,3,0,
2020-04-18,Salta,3,0,0,0,
2020-04-18,San Juan,2,0,0,0,
2020-04-18,San Luis,11,0,0,0,
2020-04-18,Santa Cruz,40,0,0,0,
2020-04-18,Santa Fe,221,3,2,0,
2020-04-18,Santiago del Estero,12,0,0,0,
2020-04-18,Tierra del Fuego,119,0,0,0,
2020-04-18,Tucumán,30,0,4,0,
2020-04-19,Buenos Aires,873,48,55,1,
2020-04-19,CABA,706,15,51,0,
2020-04-19,Chaco,253,5,10,0,
2020-04-19,Chubut,2,1,0,0,
2020-04-19,Córdoba,260,11,7,1,
2020-04-19,Corrientes,31,0,0,0,
2020-04-19,Entre Ríos,22,0,0,0,
2020-04-19,Jujuy,5,0,0,0,
2020-04-19,La Pampa,5,0,0,0,
2020-04-19,La Rioja,39,4,3,0,
2020-04-19,Mendoza,72,3,8,0,
2020-04-19,Misiones,5,0,0,0,
2020-04-19,Neuquén,99,3,4,0,
2020-04-19,Río Negro,127,8,3,0,
2020-04-19,Salta,3,0,0,0,
2020-04-19,San Juan,2,0,0,0,
2020-04-19,San Luis,11,0,0,0,
2020-04-19,Santa Cruz,40,0,0,0,
2020-04-19,Santa Fe,222,1,2,0,
2020-04-19,Santiago del Estero,12,0,0,0,
2020-04-19,Tierra del Fuego,122,3,0,0,
2020-04-19,Tucumán,30,0,4,0,
2020-04-20,Buenos Aires,915,42,55,0,
2020-04-20,CABA,728,22,52,1,
2020-04-20,Chaco,258,5,11,1,
2020-04-20,Chubut,2,0,0,0,
2020-04-20,Córdoba,260,0,9,2,
2020-04-20,Corrientes,34,3,0,0,
2020-04-20,Entre Ríos,22,0,0,0,
2020-04-20,Jujuy,5,0,0,0,
2020-04-20,La Pampa,5,0,0,0,
2020-04-20,La Rioja,39,0,3,0,
2020-04-20,Mendoza,73,1,9,1,
2020-04-20,Misiones,5,0,0,0,
2020-04-20,Neuquén,102,3,4,0,
2020-04-20,Río Negro,137,10,6,3,
2020-04-20,Salta,3,0,0,0,
2020-04-20,San Juan,2,0,0,0,
2020-04-20,San Luis,11,0,0,0,
2020-04-20,Santa Cruz,41,1,0,0,
2020-04-20,Santa Fe,224,2,2,0,
2020-04-20,Santiago del Estero,12,0,0,0,
2020-04-20,Tierra del Fuego,122,0,0,0,
2020-04-20,Tucumán,31,1,4,0,
2020-04-21,Buenos Aires,975,60,59,4,
2020-04-21,CABA,761,33,55,3,
2020-04-21,Chaco,263,5,11,0,
2020-04-21,Chubut,2,0,0,0,
2020-04-21,Córdoba,260,0,9,0,
2020-04-21,Corrientes,34,0,0,0,
2020-04-21,Entre Ríos,22,0,0,0,
2020-04-21,Jujuy,5,0,0,0,
2020-04-21,La Pampa,5,0,0,0,
2020-04-21,La Rioja,40,1,5,2,
2020-04-21,Mendoza,73,0,9,0,
2020-04-21,Misiones,5,0,0,0,
2020-04-21,Neuquén,102,0,4,0,
2020-04-21,Río Negro,148,11,6,0,
2020-04-21,Salta,3,0,0,0,
2020-04-21,San Juan,2,0,0,0,
2020-04-21,San Luis,11,0,0,0,
2020-04-21,Santa Cruz,41,0,0,0,
2020-04-21,Santa Fe,225,1,2,0,
2020-04-21,Santiago del Estero,12,0,0,0,
2020-04-21,Tierra del Fuego,124,1,0,0,Se incluyen 12 casos existentes en las Islas Malvinas segun informacion de prensa
2020-04-21,Tucumán,31,0,4,0,
2020-04-22,Buenos Aires,1036,61,63,5,
2020-04-22,CABA,800,39,57,2,
2020-04-22,Chaco,270,7,11,0,
2020-04-22,Chubut,2,0,0,0,
2020-04-22,Córdoba,264,4,10,1,
2020-04-22,Corrientes,34,0,0,0,
2020-04-22,Entre Ríos,22,0,0,0,
2020-04-22,Jujuy,5,0,0,0,
2020-04-22,La Pampa,5,0,0,0,
2020-04-22,La Rioja,45,5,5,0,
2020-04-22,Mendoza,74,1,9,0,
2020-04-22,Misiones,5,0,0,0,
2020-04-22,Neuquén,103,1,4,0,
2020-04-22,Río Negro,165,17,6,0,
2020-04-22,Salta,3,0,0,0,
2020-04-22,San Juan,2,0,0,0,
2020-04-22,San Luis,11,0,0,0,
2020-04-22,Santa Cruz,41,0,0,0,
2020-04-22,Santa Fe,230,5,2,0,
2020-04-22,Santiago del Estero,12,0,0,0,
2020-04-22,Tierra del Fuego,124,0,0,0,
2020-04-22,Tucumán,35,4,4,0,
2020-04-23,Buenos Aires,1120,84,68,4,
2020-04-23,CABA,837,37,58,1,
2020-04-23,Chaco,280,10,11,0,
2020-04-23,Chubut,2,0,0,0,
2020-04-23,Córdoba,266,2,10,0,
2020-04-23,Corrientes,35,1,0,0,
2020-04-23,Entre Ríos,22,0,0,0,
2020-04-23,Jujuy,5,0,0,0,
2020-04-23,La Pampa,5,0,0,0,
2020-04-23,La Rioja,45,0,5,0,
2020-04-23,Mendoza,75,1,10,1,
2020-04-23,Misiones,5,0,0,0,
2020-04-23,Neuquén,104,1,4,0,
2020-04-23,Río Negro,169,4,6,0,
2020-04-23,Salta,3,0,0,0,
2020-04-23,San Juan,2,0,0,0,
2020-04-23,San Luis,11,0,0,0,
2020-04-23,Santa Cruz,41,0,0,0,
2020-04-23,Santa Fe,236,6,2,0,
2020-04-23,Santiago del Estero,12,0,0,0,
2020-04-23,Tierra del Fuego,125,1,0,0,
2020-04-23,Tucumán,35,0,4,0,
2020-04-24,Buenos Aires,1181,61,72,4,
2020-04-24,CABA,916,79,62,4,
2020-04-24,Chaco,287,7,12,1,
2020-04-24,Chubut,2,0,0,0,
2020-04-24,Córdoba,269,3,11,1,
2020-04-24,Corrientes,39,4,0,0,
2020-04-24,Entre Ríos,22,0,0,0,
2020-04-24,Jujuy,5,0,0,0,
2020-04-24,La Pampa,5,0,0,0,
2020-04-24,La Rioja,47,2,5,0,
2020-04-24,Mendoza,75,0,10,0,
2020-04-24,Misiones,6,1,1,1,
2020-04-24,Neuquén,104,0,4,0,
2020-04-24,Río Negro,180,11,6,0,
2020-04-24,Salta,3,0,0,0,
2020-04-24,San Juan,2,0,0,0,
2020-04-24,San Luis,11,0,0,0,
2020-04-24,Santa Cruz,42,1,0,0,
2020-04-24,Santa Fe,239,3,2,0,
2020-04-24,Santiago del Estero,12,0,0,0,
2020-04-24,Tierra del Fuego,126,1,0,0,
2020-04-24,Tucumán,34,-1,4,0,"Un caso notificado en la provincia de Tucumán, se reclasifico por residencia en la provincia de Córdoba"
2020-04-25,Buenos Aires,1275,94,74,2,
2020-04-25,CABA,971,55,66,4,
2020-04-25,Chaco,294,7,12,0,
2020-04-25,Chubut,2,0,0,0,
2020-04-25,Córdoba,270,1,12,1,
2020-04-25,Corrientes,40,1,0,0,
2020-04-25,Entre Ríos,22,0,0,0,
2020-04-25,Jujuy,5,0,0,0,
2020-04-25,La Pampa,5,0,0,0,
2020-04-25,La Rioja,50,3,6,1,
2020-04-25,Mendoza,75,0,10,0,
2020-04-25,Misiones,6,0,1,0,
2020-04-25,Neuquén,104,0,4,0,
2020-04-25,Río Negro,184,4,7,1,
2020-04-25,Salta,3,0,0,0,
2020-04-25,San Juan,2,0,0,0,
2020-04-25,San Luis,11,0,0,0,
2020-04-25,Santa Cruz,42,0,0,0,
2020-04-25,Santa Fe,242,3,2,0,
2020-04-25,Santiago del Estero,13,1,0,0,
2020-04-25,Tierra del Fuego,130,4,0,0,Se incluyen 13 casos existentes en las Islas Malvinas segun informacion de prensa
2020-04-25,Tucumán,34,0,4,0,
2020-04-26,Buenos Aires,1331,56,76,2,
2020-04-26,CABA,1007,36,71,5,
2020-04-26,Chaco,297,3,12,0,
2020-04-26,Chubut,2,0,0,0,
2020-04-26,Córdoba,273,3,12,0,
2020-04-26,Corrientes,46,6,0,0,
2020-04-26,Entre Ríos,23,1,0,0,
2020-04-26,Jujuy,5,0,0,0,
2020-04-26,La Pampa,5,0,0,0,
2020-04-26,La Rioja,50,0,6,0,
2020-04-26,Mendoza,75,0,10,0,
2020-04-26,Misiones,6,0,1,0,
2020-04-26,Neuquén,105,1,4,0,
2020-04-26,Río Negro,185,1,7,0,
2020-04-26,Salta,4,1,0,0,
2020-04-26,San Juan,2,0,0,0,
2020-04-26,San Luis,11,0,0,0,
2020-04-26,Santa Cruz,43,1,0,0,
2020-04-26,Santa Fe,242,0,2,0,
2020-04-26,Santiago del Estero,15,2,0,0,
2020-04-26,Tierra del Fuego,130,0,0,0,
2020-04-26,Tucumán,35,1,4,0,
2020-04-27,Buenos Aires,1381,50,77,1,
2020-04-27,CABA,1039,32,76,2,
2020-04-27,Chaco,307,10,13,1,
2020-04-27,Chubut,2,0,0,0,
2020-04-27,Córdoba,273,0,13,1,
2020-04-27,Corrientes,46,0,0,0,
2020-04-27,Entre Ríos,23,0,0,0,
2020-04-27,Jujuy,5,0,0,0,
2020-04-27,La Pampa,5,0,0,0,
2020-04-27,La Rioja,50,0,6,0,
2020-04-27,Mendoza,75,0,10,0,
2020-04-27,Misiones,8,2,1,0,
2020-04-27,Neuquén,108,3,4,0,
2020-04-27,Río Negro,193,8,7,0,
2020-04-27,Salta,4,0,0,0,
2020-04-27,San Juan,2,0,0,0,
2020-04-27,San Luis,11,0,0,0,
2020-04-27,Santa Cruz,48,5,0,0,
2020-04-27,Santa Fe,242,0,2,0,
2020-04-27,Santiago del Estero,15,0,0,0,
2020-04-27,Tierra del Fuego,131,1,0,0,
2020-04-27,Tucumán,35,0,4,0,
2020-04-28,Buenos Aires,1429,48,83,6,
2020-04-28,CABA,1089,50,78,2,
2020-04-28,Chaco,307,0,13,0,
2020-04-28,Chubut,2,0,0,0,
2020-04-28,Córdoba,275,2,14,1,
2020-04-28,Corrientes,47,1,0,0,
2020-04-28,Entre Ríos,23,0,0,0,
2020-04-28,Jujuy,5,0,0,0,
2020-04-28,La Pampa,5,0,0,0,
2020-04-28,La Rioja,51,1,6,0,
2020-04-28,Mendoza,76,1,10,0,
2020-04-28,Misiones,8,0,1,0,
2020-04-28,Neuquén,108,0,5,1,
2020-04-28,Río Negro,206,13,7,0,
2020-04-28,Salta,4,0,0,0,
2020-04-28,San Juan,2,0,0,0,
2020-04-28,San Luis,11,0,0,0,
2020-04-28,Santa Cruz,48,0,0,0,
2020-04-28,Santa Fe,243,1,2,0,
2020-04-28,Santiago del Estero,15,0,0,0,
2020-04-28,Tierra del Fuego,137,6,0,0,
2020-04-28,Tucumán,36,1,4,0,
2020-04-29,Buenos Aires,1532,103,85,2,
2020-04-29,CABA,1123,34,80,3,
2020-04-29,Chaco,311,4,14,1,
2020-04-29,Chubut,2,0,0,0,
2020-04-29,Córdoba,276,1,14,0,Informe provincial reporta 0 casos y dice que el caso notificado es un error de carga
2020-04-29,Corrientes,47,0,0,0,
2020-04-29,Entre Ríos,23,0,0,0,
2020-04-29,Jujuy,5,0,0,0,
2020-04-29,La Pampa,5,0,0,0,
2020-04-29,La Rioja,52,1,6,0,
2020-04-29,Mendoza,78,2,10,0,
2020-04-29,Misiones,12,4,1,0,
2020-04-29,Neuquén,109,1,5,0,
2020-04-29,Río Negro,214,8,8,1,
2020-04-29,Salta,4,0,0,0,
2020-04-29,San Juan,2,0,0,0,
2020-04-29,San Luis,11,0,0,0,
2020-04-29,Santa Cruz,48,0,0,0,
2020-04-29,Santa Fe,243,0,2,0,
2020-04-29,Santiago del Estero,15,0,0,0,
2020-04-29,Tierra del Fuego,137,0,0,0,
2020-04-29,Tucumán,36,0,4,0,
2020-04-30,Buenos Aires,1598,66,87,2,
2020-04-30,CABA,1168,45,81,1,
2020-04-30,Chaco,314,3,14,0,
2020-04-30,Chubut,2,0,0,0,
2020-04-30,Córdoba,278,2,14,0,
2020-04-30,Corrientes,48,1,0,0,
2020-04-30,Entre Ríos,23,0,0,0,
2020-04-30,Jujuy,5,0,0,0,
2020-04-30,La Pampa,5,0,0,0,
2020-04-30,La Rioja,52,0,6,0,
2020-04-30,Mendoza,83,5,10,0,
2020-04-30,Misiones,12,0,1,0,
2020-04-30,Neuquén,111,2,5,0,
2020-04-30,Río Negro,228,14,8,0,
2020-04-30,Salta,4,0,0,0,
2020-04-30,San Juan,2,0,0,0,
2020-04-30,San Luis,11,0,0,0,
2020-04-30,Santa Cruz,49,1,0,0,
2020-04-30,Santa Fe,243,0,2,0,
2020-04-30,Santiago del Estero,15,0,0,0,
2020-04-30,Tierra del Fuego,139,2,0,0,
2020-04-30,Tucumán,38,2,4,0,
2020-05-01,Buenos Aires,1632,34,91,4,
2020-05-01,CABA,1197,29,84,3,
2020-05-01,Chaco,326,12,14,0,
2020-05-01,Chubut,3,1,0,0,
2020-05-01,Córdoba,291,13,14,0, 
2020-05-01,Corrientes,49,1,0,0,
2020-05-01,Entre Ríos,25,2,0,0,
2020-05-01,Jujuy,5,0,0,0,
2020-05-01,La Pampa,5,0,0,0,
2020-05-01,La Rioja,55,3,6,0,
2020-05-01,Mendoza,84,1,10,0,
2020-05-01,Misiones,12,0,1,0,
2020-05-01,Neuquén,110,0,5,0,Neuquén reclasificó un caso descartado que figuraba como confirmado debido a un error de carga
2020-05-01,Río Negro,236,8,8,0,
2020-05-01,Salta,4,0,0,0,
2020-05-01,San Juan,2,0,0,0,
2020-05-01,San Luis,11,0,0,0,
2020-05-01,Santa Cruz,49,0,0,0,
2020-05-01,Santa Fe,243,0,2,0,
2020-05-01,Santiago del Estero,15,0,0,0,
2020-05-01,Tierra del Fuego,140,1,0,0,
2020-05-01,Tucumán,38,0,4,0,
2020-05-02,Buenos Aires,1677,45,93,2,
2020-05-02,CABA,1255,58,90,6,
2020-05-02,Chaco,337,11,17,3,
2020-05-02,Chubut,4,1,0,0,
2020-05-02,Córdoba,303,12,15,1,
2020-05-02,Corrientes,49,0,0,0,
2020-05-02,Entre Ríos,25,0,0,0,
2020-05-02,Jujuy,5,0,0,0,
2020-05-02,La Pampa,5,0,0,0,
2020-05-02,La Rioja,55,0,6,0,
2020-05-02,Mendoza,85,1,10,0,
2020-05-02,Misiones,24,12,1,0,
2020-05-02,Neuquén,110,0,5,0,
2020-05-02,Río Negro,242,6,8,0,
2020-05-02,Salta,4,0,0,0,
2020-05-02,San Juan,2,0,0,0,
2020-05-02,San Luis,11,0,0,0,
2020-05-02,Santa Cruz,49,0,0,0,
2020-05-02,Santa Fe,243,0,2,0,
2020-05-02,Santiago del Estero,15,0,0,0,
2020-05-02,Tierra del Fuego,143,3,0,0,
2020-05-02,Tucumán,38,0,4,0,
2020-05-03,Buenos Aires,1715,38,96,3,
2020-05-03,CABA,1304,49,92,2,
2020-05-03,Chaco,342,5,18,1,
2020-05-03,Chubut,4,0,0,0,"San Juan, La Pampa y Chubut son las únicas provincias que presentan casos únicamente importados (Infobae)"
2020-05-03,Córdoba,304,1,17,2,
2020-05-03,Corrientes,49,0,0,0,
2020-05-03,Entre Ríos,27,2,0,0,
2020-05-03,Jujuy,5,0,0,0,
2020-05-03,La Pampa,5,0,0,0,"San Juan, La Pampa y Chubut son las únicas provincias que presentan casos únicamente importados (Infobae)"
2020-05-03,La Rioja,55,0,6,0,
2020-05-03,Mendoza,84,0,10,0,"Mendoza reclasifico uno de sus casos que figuraba como confirmado, a descartado, por un error de carga"
2020-05-03,Misiones,24,0,1,0,
2020-05-03,Neuquén,110,0,5,0,
2020-05-03,Río Negro,248,6,9,1,
2020-05-03,Salta,4,0,0,0,
2020-05-03,San Juan,2,0,0,0,"San Juan, La Pampa y Chubut son las únicas provincias que presentan casos únicamente importados (Infobae)"
2020-05-03,San Luis,11,0,0,0,
2020-05-03,Santa Cruz,49,0,0,0,
2020-05-03,Santa Fe,243,0,2,0,
2020-05-03,Santiago del Estero,15,0,0,0,
2020-05-03,Tierra del Fuego,145,2,0,0,
2020-05-03,Tucumán,38,0,4,0,
2020-05-04,Buenos Aires,1753,38,103,7,
2020-05-04,CABA,1347,43,96,4,
2020-05-04,Chaco,347,5,19,1,
2020-05-04,Chubut,4,0,0,0,
2020-05-04,Córdoba,310,6,19,2,
2020-05-04,Corrientes,49,0,0,0,
2020-05-04,Entre Ríos,27,0,0,0,
2020-05-04,Jujuy,5,0,0,0,
2020-05-04,La Pampa,5,0,0,0,
2020-05-04,La Rioja,56,1,6,0,
2020-05-04,Mendoza,84,0,10,0,
2020-05-04,Misiones,25,1,1,0,
2020-05-04,Neuquén,110,0,5,0,
2020-05-04,Río Negro,255,7,9,0,
2020-05-04,Salta,4,0,0,0,
2020-05-04,San Juan,2,0,0,0,
2020-05-04,San Luis,11,0,0,0,
2020-05-04,Santa Cruz,49,0,0,0,
2020-05-04,Santa Fe,243,0,2,0,
2020-05-04,Santiago del Estero,15,0,0,0,
2020-05-04,Tierra del Fuego,145,0,0,0,
2020-05-04,Tucumán,41,3,4,0,
2020-05-05,Buenos Aires,1811,58,104,1,
2020-05-05,CABA,1404,57,97,1,
2020-05-05,Chaco,358,11,19,0,
2020-05-05,Chubut,4,0,0,0,
2020-05-05,Córdoba,311,1,21,2,
2020-05-05,Corrientes,48,0,0,0,Corrientes reclasifico 1 caso de confirmado a descartado
2020-05-05,Entre Ríos,28,0,0,0,
2020-05-05,Jujuy,5,0,0,0,
2020-05-05,La Pampa,5,0,0,0,
2020-05-05,La Rioja,56,0,10,0,
2020-05-05,Mendoza,85,1,10,0,
2020-05-05,Misiones,25,0,1,0,
2020-05-05,Neuquén,110,0,5,0,
2020-05-05,Río Negro,259,4,9,0,
2020-05-05,Salta,4,0,0,0,
2020-05-05,San Juan,2,0,0,0,
2020-05-05,San Luis,11,0,0,0,
2020-05-05,Santa Cruz,49,0,0,0,
2020-05-05,Santa Fe,244,1,2,0,
2020-05-05,Santiago del Estero,15,0,0,0,
2020-05-05,Tierra del Fuego,145,0,0,0,
2020-05-05,Tucumán,41,0,4,0,
2020-05-06,Buenos Aires,1874,63,109,5,
2020-05-06,CABA,1506,102,100,3,
2020-05-06,Chaco,366,8,19,0,
2020-05-06,Chubut,4,0,0,0,
2020-05-06,Córdoba,316,5,21,0,
2020-05-06,Corrientes,51,3,0,0,
2020-05-06,Entre Ríos,28,0,0,0,
2020-05-06,Jujuy,5,0,0,0,
2020-05-06,La Pampa,5,0,0,0,
2020-05-06,La Rioja,57,1,10,0,
2020-05-06,Mendoza,85,0,10,0,
2020-05-06,Misiones,25,0,1,0,
2020-05-06,Neuquén,110,0,5,0,
2020-05-06,Río Negro,265,6,10,1,
2020-05-06,Salta,4,0,0,0,
2020-05-06,San Juan,2,0,0,0,
2020-05-06,San Luis,11,0,0,0,
2020-05-06,Santa Cruz,49,0,0,0,
2020-05-06,Santa Fe,244,0,2,0,
2020-05-06,Santiago del Estero,15,0,0,0,
2020-05-06,Tierra del Fuego,145,0,0,0,
2020-05-06,Tucumán,41,0,4,0,
2020-05-07,Buenos Aires,1924,50,115,6,
2020-05-07,CABA,1583,77,102,2,
2020-05-07,Chaco,392,26,19,0,
2020-05-07,Chubut,4,0,0,0,
2020-05-07,Córdoba,320,4,21,0,
2020-05-07,Corrientes,52,1,0,0,
2020-05-07,Entre Ríos,28,0,0,0,
2020-05-07,Jujuy,5,0,0,0,
2020-05-07,La Pampa,5,0,0,0,
2020-05-07,La Rioja,58,1,10,0,
2020-05-07,Mendoza,85,0,10,0,
2020-05-07,Misiones,25,0,1,0,
2020-05-07,Neuquén,110,0,5,0,
2020-05-07,Río Negro,268,3,10,0,
2020-05-07,Salta,4,0,0,0,
2020-05-07,San Juan,3,1,0,0,
2020-05-07,San Luis,11,0,0,0,
2020-05-07,Santa Cruz,49,0,0,0,
2020-05-07,Santa Fe,244,0,3,1,
2020-05-07,Santiago del Estero,15,0,0,0,
2020-05-07,Tierra del Fuego,145,0,0,0,
2020-05-07,Tucumán,41,0,4,0,
2020-05-08,Buenos Aires,2001,77,120,5,
2020-05-08,CABA,1713,130,108,6,
2020-05-08,Chaco,418,26,19,0,
2020-05-08,Chubut,4,0,0,0,
2020-05-08,Córdoba,322,2,21,0,
2020-05-08,Corrientes,53,1,0,0,
2020-05-08,Entre Ríos,28,0,0,0,
2020-05-08,Jujuy,5,0,0,0,
2020-05-08,La Pampa,5,0,0,0,
2020-05-08,La Rioja,59,1,10,0,
2020-05-08,Mendoza,86,1,10,0,
2020-05-08,Misiones,25,0,1,0,
2020-05-08,Neuquén,110,0,5,0,
2020-05-08,Río Negro,270,2,10,0,
2020-05-08,Salta,4,0,0,0,
2020-05-08,San Juan,3,0,0,0,
2020-05-08,San Luis,11,0,0,0,
2020-05-08,Santa Cruz,49,0,0,0,
2020-05-08,Santa Fe,244,0,3,0,
2020-05-08,Santiago del Estero,15,0,0,0,
2020-05-08,Tierra del Fuego,145,0,0,0,
2020-05-08,Tucumán,41,0,4,0,
2020-05-09,Buenos Aires,2061,60,124,4,
2020-05-09,CABA,1796,83,110,2,
2020-05-09,Chaco,427,9,19,0,
2020-05-09,Chubut,4,0,0,0,
2020-05-09,Córdoba,328,6,21,0,
2020-05-09,Corrientes,54,1,0,0,
2020-05-09,Entre Ríos,28,0,0,0,
2020-05-09,Jujuy,5,0,0,0,
2020-05-09,La Pampa,5,0,0,0,
2020-05-09,La Rioja,59,0,11,1,
2020-05-09,Mendoza,86,0,10,0,
2020-05-09,Misiones,25,0,1,0,
2020-05-09,Neuquén,111,1,5,0,
2020-05-09,Río Negro,274,4,10,0,
2020-05-09,Salta,4,0,0,0,
2020-05-09,San Juan,3,0,0,0,
2020-05-09,San Luis,11,0,0,0,
2020-05-09,Santa Cruz,49,0,0,0,
2020-05-09,Santa Fe,244,0,3,0,
2020-05-09,Santiago del Estero,15,0,0,0,
2020-05-09,Tierra del Fuego,146,0,0,0,
2020-05-09,Tucumán,41,0,4,0,
2020-05-10,Buenos Aires,2112,51,127,3,
2020-05-10,CABA,1961,165,112,2,
2020-05-10,Chaco,459,32,19,0,
2020-05-10,Chubut,4,0,0,0,
2020-05-10,Córdoba,333,5,21,0,
2020-05-10,Corrientes,54,0,0,0,
2020-05-10,Entre Ríos,28,0,0,0,
2020-05-10,Jujuy,5,0,0,0,
2020-05-10,La Pampa,5,0,0,0,
2020-05-10,La Rioja,59,0,11,0,
2020-05-10,Mendoza,86,0,10,0,
2020-05-10,Misiones,25,0,1,0,
2020-05-10,Neuquén,111,0,5,0,
2020-05-10,Río Negro,276,2,10,0,
2020-05-10,Salta,4,0,0,0,
2020-05-10,San Juan,3,0,0,0,
2020-05-10,San Luis,11,0,0,0,
2020-05-10,Santa Cruz,49,0,0,0,
2020-05-10,Santa Fe,244,0,3,0,
2020-05-10,Santiago del Estero,16,1,0,0,
2020-05-10,Tierra del Fuego,148,2,0,0,
2020-05-10,Tucumán,41,0,4,0,
2020-05-11,Buenos Aires,2156,44,131,4,
2020-05-11,CABA,2098,137,115,3,
2020-05-11,Chaco,476,17,20,1,
2020-05-11,Chubut,4,0,0,0,
2020-05-11,Córdoba,347,14,21,0,
2020-05-11,Corrientes,70,16,0,0,
2020-05-11,Entre Ríos,28,0,0,0,
2020-05-11,Jujuy,5,0,0,0,
2020-05-11,La Pampa,5,0,0,0,
2020-05-11,La Rioja,60,1,11,0,
2020-05-11,Mendoza,86,0,10,0,
2020-05-11,Misiones,26,1,1,0,
2020-05-11,Neuquén,111,0,5,0,
2020-05-11,Río Negro,289,13,11,1,
2020-05-11,Salta,4,0,0,0,
2020-05-11,San Juan,3,0,0,0,
2020-05-11,San Luis,11,0,0,0,
2020-05-11,Santa Cruz,49,0,0,0,
2020-05-11,Santa Fe,244,0,3,0,
2020-05-11,Santiago del Estero,16,0,0,0,
2020-05-11,Tierra del Fuego,148,0,0,0,
2020-05-11,Tucumán,42,1,4,0,
2020-05-12,Buenos Aires,2236,80,133,2,
2020-05-12,CABA,2286,188,116,1,
2020-05-12,Chaco,486,10,21,1,
2020-05-12,Chubut,4,0,0,0,
2020-05-12,Córdoba,350,3,22,1,
2020-05-12,Corrientes,71,1,0,0,
2020-05-12,Entre Ríos,28,0,0,0,
2020-05-12,Jujuy,5,0,0,0,
2020-05-12,La Pampa,5,0,0,0,
2020-05-12,La Rioja,60,0,11,0,
2020-05-12,Mendoza,87,1,10,0,
2020-05-12,Misiones,26,0,1,0,
2020-05-12,Neuquén,111,0,5,0,
2020-05-12,Río Negro,290,1,11,0,
2020-05-12,Salta,5,1,0,0,
2020-05-12,San Juan,3,0,0,0,
2020-05-12,San Luis,11,0,0,0,
2020-05-12,Santa Cruz,49,0,0,0,
2020-05-12,Santa Fe,244,0,3,0,
2020-05-12,Santiago del Estero,16,0,0,0,
2020-05-12,Tierra del Fuego,148,0,0,0,
2020-05-12,Tucumán,42,0,4,0,
2020-05-13,Buenos Aires,2332,96,137,4,
2020-05-13,CABA,2465,178,121,5,
2020-05-13,Chaco,504,18,22,1,
2020-05-13,Chubut,4,0,0,0,
2020-05-13,Córdoba,361,11,22,0,
2020-05-13,Corrientes,76,5,0,0,
2020-05-13,Entre Ríos,29,1,0,0,
2020-05-13,Jujuy,5,0,0,0,
2020-05-13,La Pampa,5,0,0,0,
2020-05-13,La Rioja,60,0,11,0,
2020-05-13,Mendoza,88,1,10,0,
2020-05-13,Misiones,25,0,1,0,"Un caso confirmado de la provincia de Misiones, fue reclasificado a Ciudad de Buenos Aires (CABA)"
2020-05-13,Neuquén,113,2,5,0,
2020-05-13,Río Negro,294,4,11,0,
2020-05-13,Salta,5,0,0,0,
2020-05-13,San Juan,3,0,0,0,
2020-05-13,San Luis,11,0,0,0,
2020-05-13,Santa Cruz,49,0,0,0,
2020-05-13,Santa Fe,244,0,3,0,
2020-05-13,Santiago del Estero,16,0,0,0,
2020-05-13,Tierra del Fuego,148,0,0,0,
2020-05-13,Tucumán,42,0,4,0,
2020-05-14,Buenos Aires,2411,79,148,11,
2020-05-14,CABA,2618,153,131,10,
2020-05-14,Chaco,513,9,23,1,
2020-05-14,Chubut,4,0,0,0,
2020-05-14,Córdoba,366,5,23,1,
2020-05-14,Corrientes,79,3,0,0,
2020-05-14,Entre Ríos,30,1,0,0,
2020-05-14,Jujuy,5,0,0,0,
2020-05-14,La Pampa,5,0,0,0,
2020-05-14,La Rioja,60,0,11,0,
2020-05-14,Mendoza,88,0,10,0,
2020-05-14,Misiones,25,0,1,0,
2020-05-14,Neuquén,114,1,5,0,
2020-05-14,Río Negro,298,4,12,1,
2020-05-14,Salta,5,0,0,0,
2020-05-14,San Juan,3,0,0,0,
2020-05-14,San Luis,11,0,0,0,
2020-05-14,Santa Cruz,49,0,0,0,
2020-05-14,Santa Fe,244,0,3,0,
2020-05-14,Santiago del Estero,16,0,0,0,
2020-05-14,Tierra del Fuego,148,0,0,0,
2020-05-14,Tucumán,42,0,4,0,
2020-05-15,Buenos Aires,2497,86,150,2,
2020-05-15,CABA,2833,214,131,0,"Un caso de la provincia de Entre Ríos, fue reclasificado a CABA"
2020-05-15,Chaco,538,25,24,1,
2020-05-15,Chubut,4,0,0,0,
2020-05-15,Córdoba,369,3,23,0,
2020-05-15,Corrientes,79,0,0,0,
2020-05-15,Entre Ríos,29,0,0,0,"Un caso de la provincia de Entre Ríos, fue reclasificado a CABA"
2020-05-15,Jujuy,5,0,0,0,
2020-05-15,La Pampa,5,0,0,0,
2020-05-15,La Rioja,60,0,11,0,
2020-05-15,Mendoza,87,0,10,0,"Un caso de la provincia de Mendoza, fue reclasificado internamente"
2020-05-15,Misiones,25,0,1,0,
2020-05-15,Neuquén,114,0,5,0,
2020-05-15,Río Negro,315,17,12,0,
2020-05-15,Salta,5,0,0,0,
2020-05-15,San Juan,3,0,0,0,
2020-05-15,San Luis,11,0,0,0,
2020-05-15,Santa Cruz,49,0,0,0,
2020-05-15,Santa Fe,244,0,3,0,
2020-05-15,Santiago del Estero,16,0,0,0,
2020-05-15,Tierra del Fuego,148,0,0,0,
2020-05-15,Tucumán,42,0,4,0,
2020-05-16,Buenos Aires,2594,97,152,2,
2020-05-16,CABA,3026,193,135,4,
2020-05-16,Chaco,559,21,25,1,
2020-05-16,Chubut,4,0,0,0,
2020-05-16,Córdoba,378,9,23,0,
2020-05-16,Corrientes,79,0,0,0,
2020-05-16,Entre Ríos,29,0,0,0,
2020-05-16,Jujuy,5,0,0,0,
2020-05-16,La Pampa,5,0,0,0,
2020-05-16,La Rioja,60,0,11,0,
2020-05-16,Mendoza,87,0,10,0,
2020-05-16,Misiones,25,0,1,0,
2020-05-16,Neuquén,114,0,5,0,
2020-05-16,Río Negro,321,6,12,0,
2020-05-16,Salta,5,0,0,0,
2020-05-16,San Juan,3,0,0,0,
2020-05-16,San Luis,11,0,0,0,
2020-05-16,Santa Cruz,49,0,0,0,
2020-05-16,Santa Fe,245,1,3,0,
2020-05-16,Santiago del Estero,16,0,0,0,
2020-05-16,Tierra del Fuego,148,0,0,0,
2020-05-16,Tucumán,42,0,4,0,
2020-05-17,Buenos Aires,2668,74,154,2,
2020-05-17,CABA,3173,147,138,3,
2020-05-17,Chaco,578,19,27,2,
2020-05-17,Chubut,4,0,0,0,
2020-05-17,Córdoba,398,20,25,2,
2020-05-17,Corrientes,79,0,0,0,
2020-05-17,Entre Ríos,29,0,0,0,
2020-05-17,Jujuy,5,0,0,0,
2020-05-17,La Pampa,5,0,0,0,
2020-05-17,La Rioja,61,1,11,0,
2020-05-17,Mendoza,87,0,10,0,
2020-05-17,Misiones,25,0,1,0,
2020-05-17,Neuquén,114,0,5,0,
2020-05-17,Río Negro,323,2,13,1,
2020-05-17,Salta,5,0,0,0,
2020-05-17,San Juan,3,0,0,0,
2020-05-17,San Luis,11,0,0,0,
2020-05-17,Santa Cruz,49,0,0,0,
2020-05-17,Santa Fe,245,0,3,0,
2020-05-17,Santiago del Estero,16,0,0,0,
2020-05-17,Tierra del Fuego,148,0,0,0,
2020-05-17,Tucumán,42,0,4,0,
2020-05-18,Buenos Aires,2761,93,156,2,
2020-05-18,CABA,3342,169,143,5,
2020-05-18,Chaco,591,13,29,2,
2020-05-18,Chubut,4,0,0,0,
2020-05-18,Córdoba,418,20,25,0,
2020-05-18,Corrientes,78,-1,0,0,Un caso notificado en la provincia de Corrientes fue reclasificado a CABA
2020-05-18,Entre Ríos,29,0,0,0,
2020-05-18,Jujuy,5,0,0,0,
2020-05-18,La Pampa,5,0,0,0,
2020-05-18,La Rioja,63,2,11,0,
2020-05-18,Mendoza,87,0,10,0,
2020-05-18,Misiones,25,0,1,0,
2020-05-18,Neuquén,114,0,5,0,
2020-05-18,Río Negro,325,2,13,0,
2020-05-18,Salta,5,0,0,0,
2020-05-18,San Juan,4,1,0,0,
2020-05-18,San Luis,11,0,0,0,
2020-05-18,Santa Cruz,49,0,0,0,
2020-05-18,Santa Fe,249,4,3,0,
2020-05-18,Santiago del Estero,16,0,0,0,
2020-05-18,Tierra del Fuego,148,0,0,0,
2020-05-18,Tucumán,42,0,4,0,
2020-05-19,Buenos Aires,2918,157,158,2,
2020-05-19,CABA,3566,224,148,5,
2020-05-19,Chaco,625,34,33,4,
2020-05-19,Chubut,4,0,0,0,
2020-05-19,Córdoba,427,9,25,0,
2020-05-19,Corrientes,78,0,0,0,
2020-05-19,Entre Ríos,29,0,0,0,
2020-05-19,Jujuy,5,0,0,0,
2020-05-19,La Pampa,5,0,0,0,
2020-05-19,La Rioja,63,0,11,0,
2020-05-19,Mendoza,89,2,10,0,
2020-05-19,Misiones,25,0,1,0,
2020-05-19,Neuquén,114,0,5,0,
2020-05-19,Río Negro,331,6,13,0,
2020-05-19,Salta,5,0,0,0,
2020-05-19,San Juan,4,0,0,0,
2020-05-19,San Luis,11,0,0,0,
2020-05-19,Santa Cruz,49,0,0,0,
2020-05-19,Santa Fe,249,0,3,0,
2020-05-19,Santiago del Estero,22,6,0,0,
2020-05-19,Tierra del Fuego,148,0,0,0,
2020-05-19,Tucumán,42,0,4,0,
2020-05-20,Buenos Aires,3096,178,163,5,
2020-05-20,CABA,3823,257,150,2,
2020-05-20,Chaco,660,35,34,1,
2020-05-20,Chubut,4,0,0,0,
2020-05-20,Córdoba,429,2,26,1,
2020-05-20,Corrientes,78,0,0,0,
2020-05-20,Entre Ríos,29,0,0,0,
2020-05-20,Jujuy,5,0,0,0,
2020-05-20,La Pampa,5,0,0,0,
2020-05-20,La Rioja,63,0,11,0,
2020-05-20,Mendoza,89,0,10,0,
2020-05-20,Misiones,25,0,1,0,
2020-05-20,Neuquén,114,0,5,0,
2020-05-20,Río Negro,333,2,14,1,
2020-05-20,Salta,5,0,0,0,
2020-05-20,San Juan,4,0,0,0,
2020-05-20,San Luis,11,0,0,0,
2020-05-20,Santa Cruz,49,0,0,0,
2020-05-20,Santa Fe,249,0,3,0,
2020-05-20,Santiago del Estero,22,0,0,0,
2020-05-20,Tierra del Fuego,148,0,0,0,
2020-05-20,Tucumán,42,0,4,0,
2020-05-21,Buenos Aires,3309,213,172,9,
2020-05-21,CABA,4202,379,152,2,
2020-05-21,Chaco,694,34,36,2,
2020-05-21,Chubut,4,0,0,0,
2020-05-21,Córdoba,441,12,26,0,
2020-05-21,Corrientes,78,0,0,0,
2020-05-21,Entre Ríos,29,0,0,0,
2020-05-21,Jujuy,5,0,0,0,
2020-05-21,La Pampa,5,0,0,0,
2020-05-21,La Rioja,63,0,11,0,
2020-05-21,Mendoza,90,1,10,0,
2020-05-21,Misiones,25,0,1,0,
2020-05-21,Neuquén,114,0,5,0,
2020-05-21,Río Negro,336,3,14,0,
2020-05-21,Salta,5,0,0,0,
2020-05-21,San Juan,4,0,0,0,
2020-05-21,San Luis,11,0,0,0,
2020-05-21,Santa Cruz,49,0,0,0,
2020-05-21,Santa Fe,254,5,3,0,
2020-05-21,Santiago del Estero,22,0,0,0,
2020-05-21,Tierra del Fuego,148,0,0,0,
2020-05-21,Tucumán,43,1,4,0,
2020-05-22,Buenos Aires,3575,266,178,6,
2020-05-22,CABA,4606,404,159,7,
2020-05-22,Chaco,721,27,38,2,
2020-05-22,Chubut,4,0,0,0,
2020-05-22,Córdoba,450,9,27,1,
2020-05-22,Corrientes,78,0,0,0,
2020-05-22,Entre Ríos,29,0,0,0,
2020-05-22,Jujuy,5,0,0,0,
2020-05-22,La Pampa,5,0,0,0,
2020-05-22,La Rioja,63,0,11,0,
2020-05-22,Mendoza,90,0,10,0,
2020-05-22,Misiones,25,0,1,0,
2020-05-22,Neuquén,114,0,7,2,
2020-05-22,Río Negro,342,6,14,0,
2020-05-22,Salta,7,2,0,0,
2020-05-22,San Juan,4,0,0,0,
2020-05-22,San Luis,11,0,0,0,
2020-05-22,Santa Cruz,49,0,0,0,
2020-05-22,Santa Fe,258,4,3,0,
2020-05-22,Santiago del Estero,22,0,0,0,
2020-05-22,Tierra del Fuego,148,0,0,0,
2020-05-22,Tucumán,43,0,4,0,
2020-05-23,Buenos Aires,3864,289,182,4,
2020-05-23,CABA,5006,400,165,6,
2020-05-23,Chaco,728,7,40,2,
2020-05-23,Chubut,4,0,0,0,
2020-05-23,Córdoba,450,0,27,0,
2020-05-23,Corrientes,78,0,0,0,
2020-05-23,Entre Ríos,29,0,0,0,
2020-05-23,Jujuy,5,0,0,0,
2020-05-23,La Pampa,5,0,0,0,
2020-05-23,La Rioja,63,0,11,0,
2020-05-23,Mendoza,90,0,10,0,
2020-05-23,Misiones,25,0,1,0,
2020-05-23,Neuquén,114,0,7,0,
2020-05-23,Río Negro,347,5,14,0,
2020-05-23,Salta,7,0,0,0,
2020-05-23,San Juan,4,0,0,0,
2020-05-23,San Luis,11,0,0,0,
2020-05-23,Santa Cruz,49,0,0,0,
2020-05-23,Santa Fe,258,0,3,0,
2020-05-23,Santiago del Estero,22,0,0,0,
2020-05-23,Tierra del Fuego,148,0,0,0,
2020-05-23,Tucumán,46,3,4,0,
2020-05-24,Buenos Aires,4060,196,184,2,
2020-05-24,CABA,5500,494,168,3,
2020-05-24,Chaco,748,20,42,2,
2020-05-24,Chubut,4,0,0,0,
2020-05-24,Córdoba,456,6,27,0,
2020-05-24,Corrientes,78,0,0,0,
2020-05-24,Entre Ríos,29,0,0,0,
2020-05-24,Jujuy,0,0,0,0,
2020-05-24,La Pampa,5,0,0,0,
2020-05-24,La Rioja,5,0,11,0,
2020-05-24,Mendoza,90,0,10,0,
2020-05-24,Misiones,25,0,1,0,
2020-05-24,Neuquén,115,1,7,0,
2020-05-24,Río Negro,352,5,14,0,
2020-05-24,Salta,7,0,0,0,
2020-05-24,San Juan,4,0,0,0,
2020-05-24,San Luis,11,0,0,0,
2020-05-24,Santa Cruz,49,0,0,0,
2020-05-24,Santa Fe,260,2,3,0,
2020-05-24,Santiago del Estero,22,0,0,0,
2020-05-24,Tierra del Fuego,148,0,0,0,
2020-05-24,Tucumán,45,-1,4,0,Un caso confirmado de Tucumán fue reclasificado a la Ciudad de Buenos Aires
2020-05-25,Buenos Aires,4219,159,189,5,
2020-05-25,CABA,5875,375,176,8,
2020-05-25,Chaco,757,9,42,0,
2020-05-25,Chubut,4,0,0,0,
2020-05-25,Córdoba,459,3,28,1,
2020-05-25,Corrientes,78,0,0,0,
2020-05-25,Entre Ríos,29,0,0,0,
2020-05-25,Jujuy,5,0,0,0,
2020-05-25,La Pampa,5,0,0,0,
2020-05-25,La Rioja,63,0,11,0,
2020-05-25,Mendoza,90,0,10,0,
2020-05-25,Misiones,25,0,1,0,
2020-05-25,Neuquén,116,1,7,0,
2020-05-25,Río Negro,356,4,15,1,
2020-05-25,Salta,7,0,0,0,
2020-05-25,San Juan,4,0,0,0,
2020-05-25,San Luis,11,0,0,0,
2020-05-25,Santa Cruz,49,0,0,0,
2020-05-25,Santa Fe,259,-1,3,0,Un caso confirmado de Santa Fe fue reclasificado a la Ciudad de Buenos Aires
2020-05-25,Santiago del Estero,22,0,0,0,
2020-05-25,Tierra del Fuego,148,0,0,0,
2020-05-25,Tucumán,47,2,4,0,
2020-05-26,Buenos Aires,4455,236,199,10,
2020-05-26,CABA,6202,327,181,5,
2020-05-26,Chaco,780,23,44,2,
2020-05-26,Chubut,5,1,0,0,
2020-05-26,Córdoba,459,0,28,0,
2020-05-26,Corrientes,78,0,0,0,
2020-05-26,Entre Ríos,29,0,0,0,
2020-05-26,Jujuy,5,0,0,0,
2020-05-26,La Pampa,5,0,0,0,
2020-05-26,La Rioja,63,0,11,0,
2020-05-26,Mendoza,90,0,10,0,
2020-05-26,Misiones,25,0,1,0,
2020-05-26,Neuquén,123,7,7,0,
2020-05-26,Río Negro,360,4,15,0,
2020-05-26,Salta,7,0,0,0,
2020-05-26,San Juan,4,0,0,0,
2020-05-26,San Luis,11,0,0,0,
2020-05-26,Santa Cruz,49,0,0,0,
2020-05-26,Santa Fe,261,2,3,0,
2020-05-26,Santiago del Estero,22,0,0,0,
2020-05-26,Tierra del Fuego,148,0,0,0,
2020-05-26,Tucumán,47,0,4,0,
2020-05-27,Buenos Aires,4770,315,202,3,
2020-05-27,CABA,6564,361,185,4,
2020-05-27,Chaco,796,16,46,2,
2020-05-27,Chubut,5,0,0,0,
2020-05-27,Córdoba,459,0,29,1,
2020-05-27,Corrientes,80,2,0,0,
2020-05-27,Entre Ríos,29,0,0,0,
2020-05-27,Jujuy,5,0,0,0,
2020-05-27,La Pampa,5,0,0,0,
2020-05-27,La Rioja,63,0,11,0,
2020-05-27,Mendoza,89,0,10,0,La provincia de Mendoza reclasificó un caso como descartado
2020-05-27,Misiones,25,0,1,0,
2020-05-27,Neuquén,125,2,7,0,
2020-05-27,Río Negro,368,8,15,0,
2020-05-27,Salta,7,0,0,0,
2020-05-27,San Juan,5,1,0,0,
2020-05-27,San Luis,11,0,0,0,
2020-05-27,Santa Cruz,49,0,0,0,
2020-05-27,Santa Fe,260,0,3,0,La provincia de Santa Fe reasignó 1 caso a CABA
2020-05-27,Santiago del Estero,22,0,0,0,
2020-05-27,Tierra del Fuego,149,1,0,0,
2020-05-27,Tucumán,47,0,4,0,
2020-05-28,Buenos Aires,5069,299,206,4,
2020-05-28,CABA,6989,425,188,3,
2020-05-28,Chaco,824,28,47,1,
2020-05-28,Chubut,8,3,0,0,
2020-05-28,Córdoba,458,-1,29,0,Un caso de la provincia de Córdoba fue reclasificado a la provincia Buenos Aires
2020-05-28,Corrientes,81,1,0,0,
2020-05-28,Entre Ríos,30,1,0,0,
2020-05-28,Jujuy,6,1,0,0,
2020-05-28,La Pampa,5,0,0,0,
2020-05-28,La Rioja,63,0,11,0,
2020-05-28,Mendoza,89,0,10,0,
2020-05-28,Misiones,27,2,1,0,
2020-05-28,Neuquén,128,3,7,0,
2020-05-28,Río Negro,375,7,15,0,
2020-05-28,Salta,7,0,0,0,
2020-05-28,San Juan,5,0,0,0,
2020-05-28,San Luis,11,0,0,0,
2020-05-28,Santa Cruz,49,0,0,0,
2020-05-28,Santa Fe,260,0,3,0,
2020-05-28,Santiago del Estero,22,0,0,0,
2020-05-28,Tierra del Fuego,149,0,0,0,
2020-05-28,Tucumán,47,0,4,0,
2020-05-29,Buenos Aires,5342,273,211,5,
2020-05-29,CABA,7388,399,194,6,
2020-05-29,Chaco,850,26,48,1,
2020-05-29,Chubut,8,0,0,0,
2020-05-29,Córdoba,457,0,29,0,Un caso de la provincia de Córdoba fue reclasificado a la Ciudad de Buenos Aires (CABA)
2020-05-29,Corrientes,87,6,0,0,
2020-05-29,Entre Ríos,30,0,0,0,
2020-05-29,Jujuy,6,0,0,0,
2020-05-29,La Pampa,5,0,0,0,
2020-05-29,La Rioja,63,0,11,0,
2020-05-29,Mendoza,89,0,10,0,
2020-05-29,Misiones,27,0,1,0,
2020-05-29,Neuquén,130,2,7,0,
2020-05-29,Río Negro,387,12,15,0,
2020-05-29,Salta,7,0,0,0,
2020-05-29,San Juan,5,0,0,0,
2020-05-29,San Luis,11,0,0,0,
2020-05-29,Santa Cruz,49,0,0,0,
2020-05-29,Santa Fe,260,0,3,0,
2020-05-29,Santiago del Estero,22,0,0,0,
2020-05-29,Tierra del Fuego,149,0,0,0,
2020-05-29,Tucumán,47,0,4,0,
2020-05-30,Buenos Aires,5638,296,213,2,
2020-05-30,CABA,7848,459,196,2,
2020-05-30,Chaco,874,24,52,4,
2020-05-30,Chubut,10,2,0,0,
2020-05-30,Córdoba,456,0,29,0,Un caso de la provincia de Córdoba fue reclasificado a la Ciudad de Buenos Aires (CABA)
2020-05-30,Corrientes,87,0,0,0,
2020-05-30,Entre Ríos,31,1,0,0,
2020-05-30,Jujuy,6,0,0,0,
2020-05-30,La Pampa,5,0,0,0,
2020-05-30,La Rioja,63,0,11,0,
2020-05-30,Mendoza,92,3,10,0,
2020-05-30,Misiones,27,0,1,0,
2020-05-30,Neuquén,131,1,7,0,
2020-05-30,Río Negro,392,5,15,0,
2020-05-30,Salta,8,1,0,0,
2020-05-30,San Juan,5,0,0,0,
2020-05-30,San Luis,11,0,0,0,
2020-05-30,Santa Cruz,49,0,0,0,
2020-05-30,Santa Fe,262,2,3,0,
2020-05-30,Santiago del Estero,22,0,0,0,
2020-05-30,Tierra del Fuego,149,0,0,0,
2020-05-30,Tucumán,48,1,4,0,
2020-05-31,Buenos Aires,5892,254,219,6,
2020-05-31,CABA,8206,358,201,5,
2020-05-31,Chaco,887,13,52,0,
2020-05-31,Chubut,10,0,0,0,
2020-05-31,Córdoba,458,2,29,0,
2020-05-31,Corrientes,88,1,0,0,
2020-05-31,Entre Ríos,31,0,0,0,
2020-05-31,Jujuy,0,0,0,0,
2020-05-31,La Pampa,6,0,0,0,
2020-05-31,La Rioja,5,0,11,0,
2020-05-31,Mendoza,63,0,10,0,
2020-05-31,Misiones,92,1,1,0,
2020-05-31,Neuquén,134,3,7,0,
2020-05-31,Río Negro,396,4,15,0,
2020-05-31,Salta,8,0,0,0,
2020-05-31,San Juan,5,0,0,0,
2020-05-31,San Luis,11,0,0,0,
2020-05-31,Santa Cruz,50,1,0,0,
2020-05-31,Santa Fe,262,0,3,0,
2020-05-31,Santiago del Estero,22,0,0,0,
2020-05-31,Tierra del Fuego,149,0,0,0,
2020-05-31,Tucumán,48,0,4,0,
2020-06-01,Buenos Aires,6144,252,224,5,
2020-06-01,CABA,8480,274,209,8,
2020-06-01,Chaco,890,3,55,3,
2020-06-01,Chubut,10,0,0,0,
2020-06-01,Córdoba,458,0,30,1,
2020-06-01,Corrientes,94,6,0,0,
2020-06-01,Entre Ríos,31,0,0,0,
2020-06-01,Jujuy,6,0,0,0,
2020-06-01,La Pampa,5,0,0,0,
2020-06-01,La Rioja,63,0,11,0,
2020-06-01,Mendoza,100,8,10,0,
2020-06-01,Misiones,28,0,1,0,
2020-06-01,Neuquén,137,3,7,0,
2020-06-01,Río Negro,407,11,15,0,
2020-06-01,Salta,11,3,0,0,
2020-06-01,San Juan,5,0,0,0,
2020-06-01,San Luis,11,0,0,0,
2020-06-01,Santa Cruz,51,1,0,0,
2020-06-01,Santa Fe,265,3,3,0,
2020-06-01,Santiago del Estero,22,0,0,0,
2020-06-01,Tierra del Fuego,149,0,0,0,
2020-06-01,Tucumán,48,0,4,0,
2020-06-02,Buenos Aires,6632,488,232,8,
2020-06-02,CABA,8851,371,212,3,
2020-06-02,Chaco,920,30,57,2,
2020-06-02,Chubut,10,0,0,0,
2020-06-02,Córdoba,459,1,30,0,
2020-06-02,Corrientes,96,2,0,0,
2020-06-02,Entre Ríos,33,2,0,0,
2020-06-02,Jujuy,6,0,0,0,
2020-06-02,La Pampa,5,0,0,0,
2020-06-02,La Rioja,63,0,11,0,
2020-06-02,Mendoza,100,0,10,0,
2020-06-02,Misiones,28,0,1,0,
2020-06-02,Neuquén,140,3,7,0,
2020-06-02,Río Negro,410,3,15,0,
2020-06-02,Salta,15,4,0,0,
2020-06-02,San Juan,5,0,0,0,
2020-06-02,San Luis,11,0,0,0,
2020-06-02,Santa Cruz,51,0,0,0,
2020-06-02,Santa Fe,265,0,3,0,
2020-06-02,Santiago del Estero,22,0,0,0,
2020-06-02,Tierra del Fuego,149,0,0,0,
2020-06-02,Tucumán,48,0,4,0,
2020-06-03,Buenos Aires,7074,442,238,6,
2020-06-03,CABA,9318,467,217,5,
2020-06-03,Chaco,926,6,58,1,
2020-06-03,Chubut,11,1,0,0,
2020-06-03,Córdoba,460,1,31,1,
2020-06-03,Corrientes,96,0,0,0,
2020-06-03,Entre Ríos,35,2,0,0,
2020-06-03,Jujuy,6,0,0,0,
2020-06-03,La Pampa,5,0,0,0,
2020-06-03,La Rioja,63,0,11,0,
2020-06-03,Mendoza,100,0,10,0,
2020-06-03,Misiones,29,1,1,0,
2020-06-03,Neuquén,150,10,7,0,
2020-06-03,Río Negro,426,16,16,1,
2020-06-03,Salta,15,0,0,0,
2020-06-03,San Juan,5,0,0,0,
2020-06-03,San Luis,11,0,0,0,
2020-06-03,Santa Cruz,51,0,0,0,
2020-06-03,Santa Fe,268,3,3,0,
2020-06-03,Santiago del Estero,22,0,0,0,
2020-06-03,Tierra del Fuego,149,0,0,0,
2020-06-03,Tucumán,48,0,4,0,
